letter,count_all,count_uppercase,percentage
n,3,2,10.0
e,6,0,20.0
w,3,0,10.0
s,3,0,10.0
f,1,0,3.3333333333333335
d,2,0,6.666666666666667
r,1,1,3.3333333333333335
a,1,0,3.3333333333333335
l,3,1,10.0
y,1,0,3.3333333333333335
g,1,0,3.3333333333333335
o,2,0,6.666666666666667
v,2,0,6.666666666666667
i,1,0,3.3333333333333335
